run_id,case_id,category,fixed_success,dynamic_success,fixed_failure_reason,dynamic_failure_reason,fixed_agents,dynamic_agents,fixed_agent_calls,dynamic_agent_calls,fixed_llm_calls,dynamic_llm_calls,fixed_llm_timeouts,dynamic_llm_timeouts,saved_llm_calls,fixed_prompt_tokens,dynamic_prompt_tokens,fixed_completion_tokens,dynamic_completion_tokens,saved_total_tokens,fixed_requires_human_approval,dynamic_requires_human_approval,fixed_test_returncode,dynamic_test_returncode,fixed_elapsed_ms,dynamic_elapsed_ms
20260621_214846,review_only_calculator,review_only,False,True,unexpected_agent_failure,,code_review->bug_fix->test_verify->summary,code_review,2,1,2,0,0,0,2,490,0,1552,0,2042,False,False,,,29544.071,7.573
20260621_214846,review_only_test_file,review_only,False,True,llm_timeout,,code_review->bug_fix->test_verify->summary,code_review,2,1,1,0,1,0,1,204,0,147,0,351,False,False,,,33492.632,10.978
20260621_214846,review_only_add_function,review_only,False,True,llm_timeout,,code_review->bug_fix->test_verify->summary,code_review,2,1,1,0,1,0,1,199,0,156,0,355,False,False,,,34459.526,34.321
20260621_214846,deterministic_fix_calculator,deterministic_fix,True,True,,,code_review->bug_fix->test_verify->summary,bug_fix->test_verify,4,2,0,0,0,0,0,0,0,0,0,0,False,False,0,0,331.772,234.086
20260621_214846,deterministic_fix_english,deterministic_fix,True,True,,,code_review->bug_fix->test_verify->summary,bug_fix->test_verify,4,2,0,0,0,0,0,0,0,0,0,0,False,False,0,0,382.945,248.15
20260621_214846,deterministic_fix_precise_cn,deterministic_fix,True,True,,,code_review->bug_fix->test_verify->summary,bug_fix->test_verify,4,2,0,0,0,0,0,0,0,0,0,0,False,False,0,0,321.789,248.388
20260621_214846,llm_fix_calculator,llm_fix,True,True,,,code_review->bug_fix->test_verify->summary,bug_fix->test_verify,4,2,3,3,0,0,0,937,942,454,456,-7,False,False,0,0,15045.544,12028.129
20260621_214846,full_workflow_calculator,full_workflow,True,True,,,code_review->bug_fix->test_verify->summary,code_review->bug_fix->test_verify->summary,4,4,0,0,0,0,0,0,0,0,0,0,False,False,0,0,318.037,307.737
20260621_214846,hitl_env_sensitive,hitl_risk,True,True,,,code_review->bug_fix->test_verify->summary,bug_fix->test_verify,2,1,0,0,0,0,0,0,0,0,0,0,True,True,,,16.521,20.799
